Tropical Massiel,Massiel,media/audio/master/MASTER TROPICAL (MASSIEL).mp3,media/audio/warp2/WARP 2 TROPICAL.mp3
Piano Medieval,Astrofox,media/audio/master/MASTER PIANO MEDIEVAL (ASTROFOX).mp3,media/audio/warp2/WARP 2 PIANO MEDIEVAL.mp3
Piano Campanas,Juan,media/audio/master/MASTER PIANO _ CAMPANAS (JUAN).mp3,media/audio/warp2/WARP 2 PIANO _ CAMPANAS.mp3
Melodía en Piano,autorx 03,media/audio/master/MASTER MELODÍA EN PIANO.mp3,media/audio/warp2/WARP 2 MELODÍA EN PIANO.mp3
Melodía Atardecer,María José Villegas,media/audio/master/MASTER MELODÍA ATARDECER (MARÍA JOSÉ VILLEGAS).mp3,media/audio/warp2/WARP 2 MELODÍA ATARDECER.mp3
Melodía Animal,autorx 05,media/audio/master/MASTER MELODÍA ANIMAL.mp3,media/audio/warp2/WARP 2 MELODÍA ANIMAL.mp3
Improvisación,autorx 06,media/audio/master/MASTER IMPROVISACIÓN.mp3,media/audio/warp2/WARP 2 IMPROVISACIÓN.mp3
Futuro,autorx 07,media/audio/master/MASTER FUTURO.mp3,media/audio/master/MASTER FUTURO.mp3
Dubstep,autorx 08,media/audio/master/MASTER DUBSTEP.mp3,media/audio/warp2/WARP 2 DUBSTEP.mp3
Batería y Piano,autorx 09,media/audio/master/MASTER BATERÍA _ PIANO.mp3,media/audio/warp2/WARP 2 BATERÍA Y PIANO.mp3
Bajo Sonidos,autorx 10,media/audio/master/MASTER BAJO _ SONIDOS.mp3,media/audio/warp2/WARP 2 BAJOS _ SONIDOS.mp3